﻿<?xml version="1.0" encoding="utf-8" standalone="yes"?>
<Parameters>
  <Connection>
    <DeviceParameters>/IF=tcpip /LOPO=11159 /SA=1</DeviceParameters>
    <ConnectionParameters>/RT=1000 /AM=* /SDT=5 /DAIP=10.0.1.10 /REPO=11159 /ANSL=1 /PT=11169</ConnectionParameters>
  </Connection>
  <AsProject>
    <ApjFullFileName>C:\Users\admin\SW\KRBO-04-20\laba1 (2)\laba1\laba1.apj</ApjFullFileName>
    <ProjectName>laba1</ProjectName>
    <ActiveConfigurationName>Config1</ActiveConfigurationName>
    <LicenseDataFolder>C:\Users\admin\SW\KRBO-04-20\laba1 (2)\laba1\Temp\Objects\Config1\4PP065_0571_P74</LicenseDataFolder>
  </AsProject>
  <General>
    <DeleteParameterFile>false</DeleteParameterFile>
  </General>
</Parameters>